,,,,,,,,,
,Наименование поля,Пояснение к полю ,Тип данных,Как будет выглядеть на интерфейсе  ,Как будет храниться в базе данных,Формат данных (пример),Логические проверки данных,"Доп. комментарий, справочник",Способ ввода
1,ИНН,Идентификационный номер налогоплательщика,"Текстовый, максимальная длина 12 цифр",Свободное поле ввода  цифр,"Текстовый, максимальная длина 12 цифр",-,"Проверка нечисловых символов, 
Проверка длины номера
Непустое значение",,Ручной
2,Наименование организации,Полное юридическое наименование поставщика,"Текстовый, максимальная длина 100 знаков",Свободное поле ввода текста,"Текстовый, максимальная длина 100 знаков","ООО ""Рога и копыта"",
АО""Светлый путь"", ИП Иванов Иван Иванович","Тип собственности минимум 2 символа
<Полное юридическое наименование поставщика не менее 2 символов>",DaData,Автоматизированный
3,ОГРН,-,"Текстовый, максимальная длина 13 цифр",Свободное поле ввода  цифр,"Текстовый, максимальная длина 13 цифр",,"Проверка нечисловых символов, 
Проверка длины номера
Непустое значение",DaData,Автоматизированный
4,КПП,-,"Текстовый, максимальная длина 9 цифр",Свободное поле ввода  цифр,"Текстовый, максимальная длина 9 цифр",,"Проверка нечисловых символов, 
Проверка длины номера
Непустое значение",DaData,Автоматизированный
5,НДС,Плательщик НДС?,Логический,Переключатель,Логический,-,да/нет,,Ручной
6,Юр. адрес,-,"Текстовый, максимальная длина 255 знаков",Свободное поле ввода текста,"Текстовый, максимальная длина 255 знаков","190000, г. Санкт-Петербург, ул. Кирова 36, оф. 3",Непустое значение,DaData,Автоматизированный
7,Телефон,,"Текстовый, максимальная длина 11 знаков",Свободное поле ввода  с маской,"Текстовый, максимальная длина 11 знаков",+79117654321,"Проверка нечисловых символов, 
Проверка кода страны, 
Проверка длины номера",,Ручной
8,Электронная почта,,"Текстовый, максимальная длина 255 знаков",Свободное поле ввода,"Текстовый, максимальная длина 255 знаков",test@yandex.ru,Проверка формата электронной почты,,Ручной
9,Контактное лицо,,"Текстовый, максимальная длина 255 знаков",Свободное поле ввода текста,"Текстовый, максимальная длина 255 знаков",,Непустое значение,,Ручной
10,Сайт,,"Текстовый, максимальная длина 255 знаков",Свободное поле ввода,"Текстовый, максимальная длина 255 знаков",,Проверка формата адреса сайта,,Ручной
11,БИК,,"Текстовый, максимальная длина 9 цифр",Свободное поле ввода  цифр,"Текстовый, максимальная длина 9 цифр",,"Проверка нечисловых символов, 
Проверка длины номера
Непустое значение",,Ручной
12,Наименование банка,,"Текстовый, максимальная длина 255 знаков",Свободное поле ввода текста,"Текстовый, максимальная длина 255 знаков",,Непустое значение,DaData,Автоматизированный
13,ИНН банка,,"Текстовый, максимальная длина 10 цифр",Свободное поле ввода текста,"Текстовый, максимальная длина 10 цифр",,"Проверка нечисловых символов, 
Проверка длины номера
Непустое значение",DaData,Автоматизированный
14,КПП банка,,"Текстовый, максимальная длина 9 цифр",Свободное поле ввода текста,"Текстовый, максимальная длина 9 цифр",,"Проверка нечисловых символов, 
Проверка длины номера
Непустое значение",DaData,Автоматизированный
15,Корр. счет,,"Текстовый, максимальная длина 20 цифр",Свободное поле ввода текста,"Текстовый, максимальная длина 20 цифр",,"Проверка нечисловых символов, 
Проверка длины номера
Непустое значение",DaData,Автоматизированный
16,Расч. счет,,"Текстовый, максимальная длина 20 цифр",Свободное поле ввода текста,"Текстовый, максимальная длина 20 цифр",,"Проверка нечисловых символов, 
Проверка длины номера
Непустое значение",,Ручной
